{
  "BDA COMERCIO E INTERMEDIACAO DE VEICULOS LTDA": {
    "nome": "BDA COMERCIO E INTERMEDIACAO DE VEICULOS LTDA",
    "cnpj_emitentes": ["41.492.247/0001-50"],
    "nomes_proprios": [
      "BDA COMERCIO E INTERMEDIACAO DE VEICULOS LTDA"
    ]
  },
  "EDUARDO VEICULOS LTDA": {
    "nome": "EDUARDO VEICULOS LTDA",
    "cnpj_emitentes": ["34.919.927/0001-41"],
    "nomes_proprios": [
      "EDUARDO VEICULOS LTDA"
    ]
  },
  "RADIAL CONSIGNACOES LTDA": {
    "nome": "RADIAL CONSIGNACOES LTDA",
    "cnpj_emitentes": ["18.775.013/0001-06"],
    "nomes_proprios": [
      "RADIAL CONSIGNACOES LTDA"
    ]
  }
}
