{
  "xpath_campos": {
    "CFOP": ".//nfe:det/nfe:prod/nfe:CFOP",
    "Data Emissão": ".//nfe:ide/nfe:dhEmi",
    "Emitente Nome": ".//nfe:emit/nfe:xNome",
    "Emitente CNPJ": ".//nfe:emit/nfe:CNPJ",
    "Emitente CPF": ".//nfe:emit/nfe:CPF",
    "Destinatário Nome": ".//nfe:dest/nfe:xNome",
    "Destinatário CNPJ": ".//nfe:dest/nfe:CNPJ",
    "Destinatário CPF": ".//nfe:dest/nfe:CPF",
    "Número NF": ".//nfe:ide/nfe:nNF",
    "ICMS": ".//nfe:imposto/nfe:ICMS//nfe:vICMS",
    "CHAVE XML": ".//nfe:infNFe/@Id",
    "Produto": ".//nfe:det/nfe:prod/nfe:xProd",
    "Natureza Operação": ".//nfe:ide/nfe:natOp"
  },
  "regex_extracao": {
    "Chassi": "(?:CHASSI|CHAS|CH)[\\s:;.-]*([A-HJ-NPR-Z0-9]{17})",
    "Placa": "(?:PLACA|PL)[\\s:;.-]*([A-Z]{3}[0-9][A-Z0-9][0-9]{2})|(?:PLACA|PL)[\\s:;.-]*([A-Z]{3}-?[0-9]{4})",
    "Renavam": "(?:RENAVAM|REN|RENAV)[\\s:;.-]*([0-9]{9,11})",
    "KM": "(?:KM|QUILOMETRAGEM|HODOMETRO|HODÔMETRO)[\\s:;.-]*([0-9]{1,7})",
    "Ano Modelo": "(?:ANO[\\s/]*MODELO|ANO[\\s/]?FAB[\\s/]?MOD)[\\s:;.-]*([0-9]{4})[\\s/.-]+([0-9]{4})|ANO[\\s:;.-]*([0-9]{4})[\\s/.-]+([0-9]{4})",
    "Cor": "(?:COR|COLOR)[\\s:;.-]*([A-Za-zÀ-ú\\s]+?)(?:[\\s,.;]|$)",
    "Motor": "(?:MOTOR|MOT|N[º°\\s]?\\s*MOTOR)[\\s:;.-]*([A-Z0-9]+)",
    "Combustível": "(?:COMBUSTÍVEL|COMBUSTIVEL|COMB)[\\s:;.-]*([A-Za-zÀ-ú\\s/]+?)(?:[\\s,.;]|$)",
    "Modelo": "(?:MODELO|MOD)[\\s:;.-]*([A-Za-zÀ-ú0-9\\s\\.-]+?)(?:[\\s,.;]|$)",
    "Potência": "(?:POTÊNCIA|POTENCIA|POT)[\\s:;.-]*([0-9]+(?:[,\\.][0-9]+)?)"
  },
  "validadores": {
    "chassi": "^[A-HJ-NPR-Z0-9]{17}$",
    "placa_mercosul": "^[A-Z]{3}[0-9][A-Z0-9][0-9]{2}$",
    "placa_antiga": "^[A-Z]{3}-[0-9]{4}$"
  }
}
