{
  "CFOP": {"tipo": "str", "ordem": 1},
  "Data Emissão": {"tipo": "date", "ordem": 2},
  "Emitente CNPJ/CPF": {"tipo": "str", "ordem": 3},
  "Destinatário CNPJ/CPF": {"tipo": "str", "ordem": 4},
  "Chassi": {"tipo": "str", "ordem": 5},
  "Placa": {"tipo": "str", "ordem": 6},
  "Produto": {"tipo": "str", "ordem": 7},
  "Valor Total": {"tipo": "float", "ordem": 8},
  "Renavam": {"tipo": "str", "ordem": 9},
  "KM": {"tipo": "int", "ordem": 10},
  "Ano Modelo": {"tipo": "int", "ordem": 11},
  "Ano Fabricação": {"tipo": "int", "ordem": 12},
  "Cor": {"tipo": "str", "ordem": 13},
  "ICMS Alíquota": {"tipo": "float", "ordem": 14},
  "ICMS Valor": {"tipo": "float", "ordem": 15},
  "ICMS Base": {"tipo": "float", "ordem": 16},
  "CST ICMS": {"tipo": "str", "ordem": 17},
  "Redução BC": {"tipo": "float", "ordem": 18},
  "Modalidade BC": {"tipo": "str", "ordem": 19},
  "Natureza Operação": {"tipo": "str", "ordem": 99},
  "CHAVE XML": {"tipo": "str", "ordem": 100}
}
